periodo,tramo,pensionistas
2005,Hasta 150 euros,90217.92
2005,"De 150,01 a 250,00",98831.33
2005,"De 250,01 a 300,00",138561.08
2005,"De 300,01 a 350,00",357425.08
2005,"De 350,01 a 400,00",88793.17
2005,"De 400,01 a 450,00",1055946
2005,"De 450,01 a 500,00",412515.17
2005,"De 500,01 a 550,00",
2005,"De 500,01 a 540,89",
2005,"De 540,90 a 600,00",
2005,"De 500,01 a 512,99",74007.17
2005,"De 513,00 a 600,00",570011.75
2005,"De 550,01 a 600,00",
2005,"De 550,01 a 570,59",
2005,"De 570,60 a 600,00",
2005,"De 600,01 a 700,00",236545.5
2005,"De 600,01 a 645,29",
2005,"De 600,01 a 641,39",
2005,"De 600,01 a 633,29",
2005,"De 600,01 a 623,99",
2005,"De 600,01 a 648,59",
2005,"De 600,01 a 655,19",
2005,"De 600,01 a 650,00",
2005,"De 645,30 a 700,00",
2005,"De 641,40 a 700,00",
2005,"De 633,30 a 700,00",
2005,"De 624,00 a 700,00",
2005,"De 648,60 a 700,00",
2005,"De 655,20 a 700,00",
2005,"De 650,01 a 707,69",
2005,"De 650,01 a 735,89",
2005,"De 650,01 a 700,00",
2005,"De 700,01 a 750,00",
2005,"De 700,01 a 800,00",222706
2005,"De 707,70 a 800,00",
2005,"De 735,90 a 800,00",
2005,"De 750,01 a 800,00",
2005,"De 800,01 a 850,00",
2005,"De 800,01 a 900,00",215780.33
2005,"De 850,01 a 899,99",
2005,"De 850,01 a 900,00",
2005,"De 900,00 a 1000,00",
2005,"De 900,01 a 949,99",
2005,"De 900,01 a 964,99",
2005,"De 900,01 a 1.000,00",193887.58
2005,"De 950,00 a 1.000,00",
2005,"De 965,00 a 1.000,00",
2005,"De 1.000,01 a 1.100,00",180865
2005,"De 1.100,01 a 1.200,00",133600.67
2005,"De 1.200,01 a 1.300,00",114321.58
2005,"De 1.300,01 a 1.400,00",107774.17
2005,"De 1.400,01 a 1.500,00",90703.92
2005,"De 1.500,01 a 1.600,00",63517.92
2005,"De 1.600,01 a 1.700,00",48418.75
2005,"De 1.700,01 a 1.800,00",35107.33
2005,"De 1.800,01 a 1.900,00",28793.75
2005,"De 1.900,01 a 2.000,00",24332.33
2005,"De 2.000,01 a 2.100,00",20970.25
2005,"De 2.100,01 a 2.200,00",
2005,"De 2.200,01 a 2.300,00",
2005,"De 2.300,01 a 2.400,00",
2005,"De 2.400,01 a 2.548,10",
2005,"De 2.400,01 a 2.522,87",
2005,"De 2.400,01 a 2.497,89",
2005,"De 2.400,01 a 2.466,18",
2005,"De 2.400,01 a 2.441,73",
2005,"De 2.300,01 a 2.384,49",
2005,"De 2.200,01 a 2.290,57",
2005,"De 2.100,01 a 2.232,52",
2005,"De 2.400,01 a 2.554,47",
2005,"De 2.400,01 a 2.560,86",
2005,"De 2.100,01 a 2.159,10",11881.92
2005,"De 2.400,01 a 2.567,26",
2005,"De 2.400,01 a 2.500,00",
2005,"De 2.548,11 a 2.548,13",
2005,"De 2.522,88 a 2.522,90",
2005,"De 2.497,90 a 2.497,92",
2005,"De 2.466,19 a 2.466,21",
2005,"De 2.441,74 a 2.441,76",
2005,"De 2.384,50 a 2.384,52",
2005,"De 2.290,58 a 2.290,60",
2005,"De 2.232,53 a 2.232,55",
2005,"De 2.554,48 a 2.554,50",
2005,"De 2.560,87 a 2.560,89",
2005,"De 2.159,11 a 2.159,13",61615.83
2005,"De 2.567,27 a 2.567,29",
2005,"De 2.500,01 a 2.573,68",
2005,"De 2.500,01 a 2.580,11",
2005,"De 2.500,01 a 2.600,00",
2005,"Más de 2.548,13 euros",
2005,"Más de 2.522,90 euros",
2005,"Más de 2.497,92 euros",
2005,"Más de 2.466,21 euros",
2005,"Más de 2.441,76 euros",
2005,"Más de 2.384,52 euros",
2005,"Más de 2.290,60 euros",
2005,"Más de 2.232,55 euros",
2005,"Más de 2.554,50 euros",
2005,"Más de 2.560,89 euros",
2005,"Más de 2.159,13 euros",1137.42
2005,"Más de 2.567,29 euros",
2005,"De 2.573,69 a 2.573,71",
2005,"De 2.580,12 a 2.580,14",
2005,"De 2.600,01 a 2.614,94",
2005,"De 2.600,01 a 2.659,39",
2005,"De 2.600,01 a 2.683,32",
2005,"De 2.600,01 a 2.707,47",
2005,"Más de 2.573,71 euros",
2005,"Más de 2.580,14 euros",
2005,"De 2.614,95 a 2.614,97",
2005,"De 2.659,40 a 2.659,42",
2005,"De 2.683,33 a 2.683,35",
2005,"De 2.707,48 a 2.707,50",
2005,"Más de 2.614,97 euros",
2005,"Más de 2.659,42 euros",
2005,"Más de 2.683,35 euros",
2005,"Más de 2.707,50",
2006,Hasta 150 euros,85578.08
2006,"De 150,01 a 250,00",82406.75
2006,"De 250,01 a 300,00",139649.58
2006,"De 300,01 a 350,00",417079.67
2006,"De 350,01 a 400,00",87867.75
2006,"De 400,01 a 450,00",138337.92
2006,"De 450,01 a 500,00",1188003.5
2006,"De 500,01 a 550,00",
2006,"De 500,01 a 540,89",257534.42
2006,"De 540,90 a 600,00",471084.5
2006,"De 500,01 a 512,99",
2006,"De 513,00 a 600,00",
2006,"De 550,01 a 600,00",
2006,"De 550,01 a 570,59",
2006,"De 570,60 a 600,00",
2006,"De 600,01 a 700,00",256802.42
2006,"De 600,01 a 645,29",
2006,"De 600,01 a 641,39",
2006,"De 600,01 a 633,29",
2006,"De 600,01 a 623,99",
2006,"De 600,01 a 648,59",
2006,"De 600,01 a 655,19",
2006,"De 600,01 a 650,00",
2006,"De 645,30 a 700,00",
2006,"De 641,40 a 700,00",
2006,"De 633,30 a 700,00",
2006,"De 624,00 a 700,00",
2006,"De 648,60 a 700,00",
2006,"De 655,20 a 700,00",
2006,"De 650,01 a 707,69",
2006,"De 650,01 a 735,89",
2006,"De 650,01 a 700,00",
2006,"De 700,01 a 750,00",
2006,"De 700,01 a 800,00",217226.33
2006,"De 707,70 a 800,00",
2006,"De 735,90 a 800,00",
2006,"De 750,01 a 800,00",
2006,"De 800,01 a 850,00",
2006,"De 800,01 a 900,00",218614.25
2006,"De 850,01 a 899,99",
2006,"De 850,01 a 900,00",
2006,"De 900,00 a 1000,00",
2006,"De 900,01 a 949,99",
2006,"De 900,01 a 964,99",
2006,"De 900,01 a 1.000,00",195438.67
2006,"De 950,00 a 1.000,00",
2006,"De 965,00 a 1.000,00",
2006,"De 1.000,01 a 1.100,00",194429.08
2006,"De 1.100,01 a 1.200,00",145723.75
2006,"De 1.200,01 a 1.300,00",122997.58
2006,"De 1.300,01 a 1.400,00",111800.92
2006,"De 1.400,01 a 1.500,00",106109.5
2006,"De 1.500,01 a 1.600,00",77084.67
2006,"De 1.600,01 a 1.700,00",62622.67
2006,"De 1.700,01 a 1.800,00",44452.58
2006,"De 1.800,01 a 1.900,00",35496.17
2006,"De 1.900,01 a 2.000,00",29772.92
2006,"De 2.000,01 a 2.100,00",26044.92
2006,"De 2.100,01 a 2.200,00",
2006,"De 2.200,01 a 2.300,00",
2006,"De 2.300,01 a 2.400,00",
2006,"De 2.400,01 a 2.548,10",
2006,"De 2.400,01 a 2.522,87",
2006,"De 2.400,01 a 2.497,89",
2006,"De 2.400,01 a 2.466,18",
2006,"De 2.400,01 a 2.441,73",
2006,"De 2.300,01 a 2.384,49",
2006,"De 2.200,01 a 2.290,57",
2006,"De 2.100,01 a 2.232,52",28229.75
2006,"De 2.400,01 a 2.554,47",
2006,"De 2.400,01 a 2.560,86",
2006,"De 2.100,01 a 2.159,10",
2006,"De 2.400,01 a 2.567,26",
2006,"De 2.400,01 a 2.500,00",
2006,"De 2.548,11 a 2.548,13",
2006,"De 2.522,88 a 2.522,90",
2006,"De 2.497,90 a 2.497,92",
2006,"De 2.466,19 a 2.466,21",
2006,"De 2.441,74 a 2.441,76",
2006,"De 2.384,50 a 2.384,52",
2006,"De 2.290,58 a 2.290,60",
2006,"De 2.232,53 a 2.232,55",67562.67
2006,"De 2.554,48 a 2.554,50",
2006,"De 2.560,87 a 2.560,89",
2006,"De 2.159,11 a 2.159,13",
2006,"De 2.567,27 a 2.567,29",
2006,"De 2.500,01 a 2.573,68",
2006,"De 2.500,01 a 2.580,11",
2006,"De 2.500,01 a 2.600,00",
2006,"Más de 2.548,13 euros",
2006,"Más de 2.522,90 euros",
2006,"Más de 2.497,92 euros",
2006,"Más de 2.466,21 euros",
2006,"Más de 2.441,76 euros",
2006,"Más de 2.384,52 euros",
2006,"Más de 2.290,60 euros",
2006,"Más de 2.232,55 euros",1347.42
2006,"Más de 2.554,50 euros",
2006,"Más de 2.560,89 euros",
2006,"Más de 2.159,13 euros",
2006,"Más de 2.567,29 euros",
2006,"De 2.573,69 a 2.573,71",
2006,"De 2.580,12 a 2.580,14",
2006,"De 2.600,01 a 2.614,94",
2006,"De 2.600,01 a 2.659,39",
2006,"De 2.600,01 a 2.683,32",
2006,"De 2.600,01 a 2.707,47",
2006,"Más de 2.573,71 euros",
2006,"Más de 2.580,14 euros",
2006,"De 2.614,95 a 2.614,97",
2006,"De 2.659,40 a 2.659,42",
2006,"De 2.683,33 a 2.683,35",
2006,"De 2.707,48 a 2.707,50",
2006,"Más de 2.614,97 euros",
2006,"Más de 2.659,42 euros",
2006,"Más de 2.683,35 euros",
2006,"Más de 2.707,50",
2007,Hasta 150 euros,83775.83
2007,"De 150,01 a 250,00",71015.08
2007,"De 250,01 a 300,00",130444.75
2007,"De 300,01 a 350,00",426931.67
2007,"De 350,01 a 400,00",89764.75
2007,"De 400,01 a 450,00",80581.58
2007,"De 450,01 a 500,00",1119598.83
2007,"De 500,01 a 550,00",342942.58
2007,"De 500,01 a 540,89",
2007,"De 540,90 a 600,00",
2007,"De 500,01 a 512,99",
2007,"De 513,00 a 600,00",
2007,"De 550,01 a 600,00",
2007,"De 550,01 a 570,59",90469
2007,"De 570,60 a 600,00",77800.67
2007,"De 600,01 a 700,00",554200.92
2007,"De 600,01 a 645,29",
2007,"De 600,01 a 641,39",
2007,"De 600,01 a 633,29",
2007,"De 600,01 a 623,99",
2007,"De 600,01 a 648,59",
2007,"De 600,01 a 655,19",
2007,"De 600,01 a 650,00",
2007,"De 645,30 a 700,00",
2007,"De 641,40 a 700,00",
2007,"De 633,30 a 700,00",
2007,"De 624,00 a 700,00",
2007,"De 648,60 a 700,00",
2007,"De 655,20 a 700,00",
2007,"De 650,01 a 707,69",
2007,"De 650,01 a 735,89",
2007,"De 650,01 a 700,00",
2007,"De 700,01 a 750,00",
2007,"De 700,01 a 800,00",212971.25
2007,"De 707,70 a 800,00",
2007,"De 735,90 a 800,00",
2007,"De 750,01 a 800,00",
2007,"De 800,01 a 850,00",
2007,"De 800,01 a 900,00",216836.33
2007,"De 850,01 a 899,99",
2007,"De 850,01 a 900,00",
2007,"De 900,00 a 1000,00",
2007,"De 900,01 a 949,99",
2007,"De 900,01 a 964,99",
2007,"De 900,01 a 1.000,00",200318.67
2007,"De 950,00 a 1.000,00",
2007,"De 965,00 a 1.000,00",
2007,"De 1.000,01 a 1.100,00",187994.08
2007,"De 1.100,01 a 1.200,00",166388
2007,"De 1.200,01 a 1.300,00",130825.33
2007,"De 1.300,01 a 1.400,00",115710.42
2007,"De 1.400,01 a 1.500,00",112809.5
2007,"De 1.500,01 a 1.600,00",90033.75
2007,"De 1.600,01 a 1.700,00",71154.25
2007,"De 1.700,01 a 1.800,00",58442.92
2007,"De 1.800,01 a 1.900,00",42562.92
2007,"De 1.900,01 a 2.000,00",35909.58
2007,"De 2.000,01 a 2.100,00",31451.33
2007,"De 2.100,01 a 2.200,00",26090.83
2007,"De 2.200,01 a 2.300,00",
2007,"De 2.300,01 a 2.400,00",
2007,"De 2.400,01 a 2.548,10",
2007,"De 2.400,01 a 2.522,87",
2007,"De 2.400,01 a 2.497,89",
2007,"De 2.400,01 a 2.466,18",
2007,"De 2.400,01 a 2.441,73",
2007,"De 2.300,01 a 2.384,49",
2007,"De 2.200,01 a 2.290,57",20301.42
2007,"De 2.100,01 a 2.232,52",
2007,"De 2.400,01 a 2.554,47",
2007,"De 2.400,01 a 2.560,86",
2007,"De 2.100,01 a 2.159,10",
2007,"De 2.400,01 a 2.567,26",
2007,"De 2.400,01 a 2.500,00",
2007,"De 2.548,11 a 2.548,13",
2007,"De 2.522,88 a 2.522,90",
2007,"De 2.497,90 a 2.497,92",
2007,"De 2.466,19 a 2.466,21",
2007,"De 2.441,74 a 2.441,76",
2007,"De 2.384,50 a 2.384,52",
2007,"De 2.290,58 a 2.290,60",74413
2007,"De 2.232,53 a 2.232,55",
2007,"De 2.554,48 a 2.554,50",
2007,"De 2.560,87 a 2.560,89",
2007,"De 2.159,11 a 2.159,13",
2007,"De 2.567,27 a 2.567,29",
2007,"De 2.500,01 a 2.573,68",
2007,"De 2.500,01 a 2.580,11",
2007,"De 2.500,01 a 2.600,00",
2007,"Más de 2.548,13 euros",
2007,"Más de 2.522,90 euros",
2007,"Más de 2.497,92 euros",
2007,"Más de 2.466,21 euros",
2007,"Más de 2.441,76 euros",
2007,"Más de 2.384,52 euros",
2007,"Más de 2.290,60 euros",1517.17
2007,"Más de 2.232,55 euros",
2007,"Más de 2.554,50 euros",
2007,"Más de 2.560,89 euros",
2007,"Más de 2.159,13 euros",
2007,"Más de 2.567,29 euros",
2007,"De 2.573,69 a 2.573,71",
2007,"De 2.580,12 a 2.580,14",
2007,"De 2.600,01 a 2.614,94",
2007,"De 2.600,01 a 2.659,39",
2007,"De 2.600,01 a 2.683,32",
2007,"De 2.600,01 a 2.707,47",
2007,"Más de 2.573,71 euros",
2007,"Más de 2.580,14 euros",
2007,"De 2.614,95 a 2.614,97",
2007,"De 2.659,40 a 2.659,42",
2007,"De 2.683,33 a 2.683,35",
2007,"De 2.707,48 a 2.707,50",
2007,"Más de 2.614,97 euros",
2007,"Más de 2.659,42 euros",
2007,"Más de 2.683,35 euros",
2007,"Más de 2.707,50",
2008,Hasta 150 euros,80331.42
2008,"De 150,01 a 250,00",60151.33
2008,"De 250,01 a 300,00",104987
2008,"De 300,01 a 350,00",113807.58
2008,"De 350,01 a 400,00",418193.83
2008,"De 400,01 a 450,00",74096.5
2008,"De 450,01 a 500,00",144312.75
2008,"De 500,01 a 550,00",1210930.42
2008,"De 500,01 a 540,89",
2008,"De 540,90 a 600,00",
2008,"De 500,01 a 512,99",
2008,"De 513,00 a 600,00",
2008,"De 550,01 a 600,00",195275.33
2008,"De 550,01 a 570,59",
2008,"De 570,60 a 600,00",
2008,"De 600,01 a 700,00",569195.25
2008,"De 600,01 a 645,29",
2008,"De 600,01 a 641,39",
2008,"De 600,01 a 633,29",
2008,"De 600,01 a 623,99",
2008,"De 600,01 a 648,59",
2008,"De 600,01 a 655,19",
2008,"De 600,01 a 650,00",
2008,"De 645,30 a 700,00",
2008,"De 641,40 a 700,00",
2008,"De 633,30 a 700,00",
2008,"De 624,00 a 700,00",
2008,"De 648,60 a 700,00",
2008,"De 655,20 a 700,00",
2008,"De 650,01 a 707,69",
2008,"De 650,01 a 735,89",
2008,"De 650,01 a 700,00",
2008,"De 700,01 a 750,00",
2008,"De 700,01 a 800,00",216698.92
2008,"De 707,70 a 800,00",
2008,"De 735,90 a 800,00",
2008,"De 750,01 a 800,00",
2008,"De 800,01 a 850,00",
2008,"De 800,01 a 900,00",203667
2008,"De 850,01 a 899,99",
2008,"De 850,01 a 900,00",
2008,"De 900,00 a 1000,00",
2008,"De 900,01 a 949,99",
2008,"De 900,01 a 964,99",
2008,"De 900,01 a 1.000,00",211976.33
2008,"De 950,00 a 1.000,00",
2008,"De 965,00 a 1.000,00",
2008,"De 1.000,01 a 1.100,00",194109
2008,"De 1.100,01 a 1.200,00",182007
2008,"De 1.200,01 a 1.300,00",145525.58
2008,"De 1.300,01 a 1.400,00",124031
2008,"De 1.400,01 a 1.500,00",114744
2008,"De 1.500,01 a 1.600,00",108577.5
2008,"De 1.600,01 a 1.700,00",83700.58
2008,"De 1.700,01 a 1.800,00",73474.67
2008,"De 1.800,01 a 1.900,00",57311.83
2008,"De 1.900,01 a 2.000,00",45194.92
2008,"De 2.000,01 a 2.100,00",37990.08
2008,"De 2.100,01 a 2.200,00",35447.83
2008,"De 2.200,01 a 2.300,00",27099.08
2008,"De 2.300,01 a 2.400,00",
2008,"De 2.400,01 a 2.548,10",
2008,"De 2.400,01 a 2.522,87",
2008,"De 2.400,01 a 2.497,89",
2008,"De 2.400,01 a 2.466,18",
2008,"De 2.400,01 a 2.441,73",
2008,"De 2.300,01 a 2.384,49",20854
2008,"De 2.200,01 a 2.290,57",
2008,"De 2.100,01 a 2.232,52",
2008,"De 2.400,01 a 2.554,47",
2008,"De 2.400,01 a 2.560,86",
2008,"De 2.100,01 a 2.159,10",
2008,"De 2.400,01 a 2.567,26",
2008,"De 2.400,01 a 2.500,00",
2008,"De 2.548,11 a 2.548,13",
2008,"De 2.522,88 a 2.522,90",
2008,"De 2.497,90 a 2.497,92",
2008,"De 2.466,19 a 2.466,21",
2008,"De 2.441,74 a 2.441,76",
2008,"De 2.384,50 a 2.384,52",80697.5
2008,"De 2.290,58 a 2.290,60",
2008,"De 2.232,53 a 2.232,55",
2008,"De 2.554,48 a 2.554,50",
2008,"De 2.560,87 a 2.560,89",
2008,"De 2.159,11 a 2.159,13",
2008,"De 2.567,27 a 2.567,29",
2008,"De 2.500,01 a 2.573,68",
2008,"De 2.500,01 a 2.580,11",
2008,"De 2.500,01 a 2.600,00",
2008,"Más de 2.548,13 euros",
2008,"Más de 2.522,90 euros",
2008,"Más de 2.497,92 euros",
2008,"Más de 2.466,21 euros",
2008,"Más de 2.441,76 euros",
2008,"Más de 2.384,52 euros",2450.33
2008,"Más de 2.290,60 euros",
2008,"Más de 2.232,55 euros",
2008,"Más de 2.554,50 euros",
2008,"Más de 2.560,89 euros",
2008,"Más de 2.159,13 euros",
2008,"Más de 2.567,29 euros",
2008,"De 2.573,69 a 2.573,71",
2008,"De 2.580,12 a 2.580,14",
2008,"De 2.600,01 a 2.614,94",
2008,"De 2.600,01 a 2.659,39",
2008,"De 2.600,01 a 2.683,32",
2008,"De 2.600,01 a 2.707,47",
2008,"Más de 2.573,71 euros",
2008,"Más de 2.580,14 euros",
2008,"De 2.614,95 a 2.614,97",
2008,"De 2.659,40 a 2.659,42",
2008,"De 2.683,33 a 2.683,35",
2008,"De 2.707,48 a 2.707,50",
2008,"Más de 2.614,97 euros",
2008,"Más de 2.659,42 euros",
2008,"Más de 2.683,35 euros",
2008,"Más de 2.707,50",
2009,Hasta 150 euros,80887.67
2009,"De 150,01 a 250,00",54713.67
2009,"De 250,01 a 300,00",88768.92
2009,"De 300,01 a 350,00",116951.75
2009,"De 350,01 a 400,00",422124.92
2009,"De 400,01 a 450,00",79127.67
2009,"De 450,01 a 500,00",80720.75
2009,"De 500,01 a 550,00",918993.83
2009,"De 500,01 a 540,89",
2009,"De 540,90 a 600,00",
2009,"De 500,01 a 512,99",
2009,"De 513,00 a 600,00",
2009,"De 550,01 a 600,00",513158
2009,"De 550,01 a 570,59",
2009,"De 570,60 a 600,00",
2009,"De 600,01 a 700,00",
2009,"De 600,01 a 645,29",
2009,"De 600,01 a 641,39",
2009,"De 600,01 a 633,29",
2009,"De 600,01 a 623,99",60787.58
2009,"De 600,01 a 648,59",
2009,"De 600,01 a 655,19",
2009,"De 600,01 a 650,00",
2009,"De 645,30 a 700,00",
2009,"De 641,40 a 700,00",
2009,"De 633,30 a 700,00",
2009,"De 624,00 a 700,00",503894.58
2009,"De 648,60 a 700,00",
2009,"De 655,20 a 700,00",
2009,"De 650,01 a 707,69",
2009,"De 650,01 a 735,89",
2009,"De 650,01 a 700,00",
2009,"De 700,01 a 750,00",
2009,"De 700,01 a 800,00",232790.17
2009,"De 707,70 a 800,00",
2009,"De 735,90 a 800,00",
2009,"De 750,01 a 800,00",
2009,"De 800,01 a 850,00",
2009,"De 800,01 a 900,00",206741.75
2009,"De 850,01 a 899,99",
2009,"De 850,01 a 900,00",
2009,"De 900,00 a 1000,00",
2009,"De 900,01 a 949,99",
2009,"De 900,01 a 964,99",
2009,"De 900,01 a 1.000,00",210956.75
2009,"De 950,00 a 1.000,00",
2009,"De 965,00 a 1.000,00",
2009,"De 1.000,01 a 1.100,00",198408.42
2009,"De 1.100,01 a 1.200,00",191894.83
2009,"De 1.200,01 a 1.300,00",155300.67
2009,"De 1.300,01 a 1.400,00",131816.5
2009,"De 1.400,01 a 1.500,00",118184.25
2009,"De 1.500,01 a 1.600,00",116163.25
2009,"De 1.600,01 a 1.700,00",94642.33
2009,"De 1.700,01 a 1.800,00",79408.42
2009,"De 1.800,01 a 1.900,00",70070.42
2009,"De 1.900,01 a 2.000,00",57019.25
2009,"De 2.000,01 a 2.100,00",45030.92
2009,"De 2.100,01 a 2.200,00",40750.67
2009,"De 2.200,01 a 2.300,00",36752.17
2009,"De 2.300,01 a 2.400,00",27761.67
2009,"De 2.400,01 a 2.548,10",
2009,"De 2.400,01 a 2.522,87",
2009,"De 2.400,01 a 2.497,89",
2009,"De 2.400,01 a 2.466,18",
2009,"De 2.400,01 a 2.441,73",12381.08
2009,"De 2.300,01 a 2.384,49",
2009,"De 2.200,01 a 2.290,57",
2009,"De 2.100,01 a 2.232,52",
2009,"De 2.400,01 a 2.554,47",
2009,"De 2.400,01 a 2.560,86",
2009,"De 2.100,01 a 2.159,10",
2009,"De 2.400,01 a 2.567,26",
2009,"De 2.400,01 a 2.500,00",
2009,"De 2.548,11 a 2.548,13",
2009,"De 2.522,88 a 2.522,90",
2009,"De 2.497,90 a 2.497,92",
2009,"De 2.466,19 a 2.466,21",
2009,"De 2.441,74 a 2.441,76",88077.83
2009,"De 2.384,50 a 2.384,52",
2009,"De 2.290,58 a 2.290,60",
2009,"De 2.232,53 a 2.232,55",
2009,"De 2.554,48 a 2.554,50",
2009,"De 2.560,87 a 2.560,89",
2009,"De 2.159,11 a 2.159,13",
2009,"De 2.567,27 a 2.567,29",
2009,"De 2.500,01 a 2.573,68",
2009,"De 2.500,01 a 2.580,11",
2009,"De 2.500,01 a 2.600,00",
2009,"Más de 2.548,13 euros",
2009,"Más de 2.522,90 euros",
2009,"Más de 2.497,92 euros",
2009,"Más de 2.466,21 euros",
2009,"Más de 2.441,76 euros",4580.67
2009,"Más de 2.384,52 euros",
2009,"Más de 2.290,60 euros",
2009,"Más de 2.232,55 euros",
2009,"Más de 2.554,50 euros",
2009,"Más de 2.560,89 euros",
2009,"Más de 2.159,13 euros",
2009,"Más de 2.567,29 euros",
2009,"De 2.573,69 a 2.573,71",
2009,"De 2.580,12 a 2.580,14",
2009,"De 2.600,01 a 2.614,94",
2009,"De 2.600,01 a 2.659,39",
2009,"De 2.600,01 a 2.683,32",
2009,"De 2.600,01 a 2.707,47",
2009,"Más de 2.573,71 euros",
2009,"Más de 2.580,14 euros",
2009,"De 2.614,95 a 2.614,97",
2009,"De 2.659,40 a 2.659,42",
2009,"De 2.683,33 a 2.683,35",
2009,"De 2.707,48 a 2.707,50",
2009,"Más de 2.614,97 euros",
2009,"Más de 2.659,42 euros",
2009,"Más de 2.683,35 euros",
2009,"Más de 2.707,50",
2010,Hasta 150 euros,78453.42
2010,"De 150,01 a 250,00",56219.25
2010,"De 250,01 a 300,00",78833.17
2010,"De 300,01 a 350,00",114790.67
2010,"De 350,01 a 400,00",427142.75
2010,"De 400,01 a 450,00",83122.83
2010,"De 450,01 a 500,00",76100.25
2010,"De 500,01 a 550,00",204806
2010,"De 500,01 a 540,89",
2010,"De 540,90 a 600,00",
2010,"De 500,01 a 512,99",
2010,"De 513,00 a 600,00",
2010,"De 550,01 a 600,00",1191603.08
2010,"De 550,01 a 570,59",
2010,"De 570,60 a 600,00",
2010,"De 600,01 a 700,00",
2010,"De 600,01 a 645,29",
2010,"De 600,01 a 641,39",
2010,"De 600,01 a 633,29",98888.33
2010,"De 600,01 a 623,99",
2010,"De 600,01 a 648,59",
2010,"De 600,01 a 655,19",
2010,"De 600,01 a 650,00",
2010,"De 645,30 a 700,00",
2010,"De 641,40 a 700,00",
2010,"De 633,30 a 700,00",192434.25
2010,"De 624,00 a 700,00",
2010,"De 648,60 a 700,00",
2010,"De 655,20 a 700,00",
2010,"De 650,01 a 707,69",
2010,"De 650,01 a 735,89",
2010,"De 650,01 a 700,00",
2010,"De 700,01 a 750,00",
2010,"De 700,01 a 800,00",535273.75
2010,"De 707,70 a 800,00",
2010,"De 735,90 a 800,00",
2010,"De 750,01 a 800,00",
2010,"De 800,01 a 850,00",
2010,"De 800,01 a 900,00",210992.75
2010,"De 850,01 a 899,99",
2010,"De 850,01 a 900,00",
2010,"De 900,00 a 1000,00",
2010,"De 900,01 a 949,99",
2010,"De 900,01 a 964,99",
2010,"De 900,01 a 1.000,00",213768.92
2010,"De 950,00 a 1.000,00",
2010,"De 965,00 a 1.000,00",
2010,"De 1.000,01 a 1.100,00",204688.83
2010,"De 1.100,01 a 1.200,00",195453.33
2010,"De 1.200,01 a 1.300,00",163964
2010,"De 1.300,01 a 1.400,00",138459.5
2010,"De 1.400,01 a 1.500,00",122544.08
2010,"De 1.500,01 a 1.600,00",119608.25
2010,"De 1.600,01 a 1.700,00",102137.5
2010,"De 1.700,01 a 1.800,00",84026.5
2010,"De 1.800,01 a 1.900,00",78033.92
2010,"De 1.900,01 a 2.000,00",64106.25
2010,"De 2.000,01 a 2.100,00",54257.17
2010,"De 2.100,01 a 2.200,00",45903.75
2010,"De 2.200,01 a 2.300,00",43228.25
2010,"De 2.300,01 a 2.400,00",33877.75
2010,"De 2.400,01 a 2.548,10",
2010,"De 2.400,01 a 2.522,87",
2010,"De 2.400,01 a 2.497,89",
2010,"De 2.400,01 a 2.466,18",22128.5
2010,"De 2.400,01 a 2.441,73",
2010,"De 2.300,01 a 2.384,49",
2010,"De 2.200,01 a 2.290,57",
2010,"De 2.100,01 a 2.232,52",
2010,"De 2.400,01 a 2.554,47",
2010,"De 2.400,01 a 2.560,86",
2010,"De 2.100,01 a 2.159,10",
2010,"De 2.400,01 a 2.567,26",
2010,"De 2.400,01 a 2.500,00",
2010,"De 2.548,11 a 2.548,13",
2010,"De 2.522,88 a 2.522,90",
2010,"De 2.497,90 a 2.497,92",
2010,"De 2.466,19 a 2.466,21",98731.25
2010,"De 2.441,74 a 2.441,76",
2010,"De 2.384,50 a 2.384,52",
2010,"De 2.290,58 a 2.290,60",
2010,"De 2.232,53 a 2.232,55",
2010,"De 2.554,48 a 2.554,50",
2010,"De 2.560,87 a 2.560,89",
2010,"De 2.159,11 a 2.159,13",
2010,"De 2.567,27 a 2.567,29",
2010,"De 2.500,01 a 2.573,68",
2010,"De 2.500,01 a 2.580,11",
2010,"De 2.500,01 a 2.600,00",
2010,"Más de 2.548,13 euros",
2010,"Más de 2.522,90 euros",
2010,"Más de 2.497,92 euros",
2010,"Más de 2.466,21 euros",6975.58
2010,"Más de 2.441,76 euros",
2010,"Más de 2.384,52 euros",
2010,"Más de 2.290,60 euros",
2010,"Más de 2.232,55 euros",
2010,"Más de 2.554,50 euros",
2010,"Más de 2.560,89 euros",
2010,"Más de 2.159,13 euros",
2010,"Más de 2.567,29 euros",
2010,"De 2.573,69 a 2.573,71",
2010,"De 2.580,12 a 2.580,14",
2010,"De 2.600,01 a 2.614,94",
2010,"De 2.600,01 a 2.659,39",
2010,"De 2.600,01 a 2.683,32",
2010,"De 2.600,01 a 2.707,47",
2010,"Más de 2.573,71 euros",
2010,"Más de 2.580,14 euros",
2010,"De 2.614,95 a 2.614,97",
2010,"De 2.659,40 a 2.659,42",
2010,"De 2.683,33 a 2.683,35",
2010,"De 2.707,48 a 2.707,50",
2010,"Más de 2.614,97 euros",
2010,"Más de 2.659,42 euros",
2010,"Más de 2.683,35 euros",
2010,"Más de 2.707,50",
2011,Hasta 150 euros,79809.67
2011,"De 150,01 a 250,00",55393.83
2011,"De 250,01 a 300,00",69506.92
2011,"De 300,01 a 350,00",114380.92
2011,"De 350,01 a 400,00",424608.5
2011,"De 400,01 a 450,00",86576.25
2011,"De 450,01 a 500,00",72133.08
2011,"De 500,01 a 550,00",161708.83
2011,"De 500,01 a 540,89",
2011,"De 540,90 a 600,00",
2011,"De 500,01 a 512,99",
2011,"De 513,00 a 600,00",
2011,"De 550,01 a 600,00",911947.58
2011,"De 550,01 a 570,59",
2011,"De 570,60 a 600,00",
2011,"De 600,01 a 700,00",
2011,"De 600,01 a 645,29",
2011,"De 600,01 a 641,39",419026.17
2011,"De 600,01 a 633,29",
2011,"De 600,01 a 623,99",
2011,"De 600,01 a 648,59",
2011,"De 600,01 a 655,19",
2011,"De 600,01 a 650,00",
2011,"De 645,30 a 700,00",
2011,"De 641,40 a 700,00",168925.08
2011,"De 633,30 a 700,00",
2011,"De 624,00 a 700,00",
2011,"De 648,60 a 700,00",
2011,"De 655,20 a 700,00",
2011,"De 650,01 a 707,69",
2011,"De 650,01 a 735,89",
2011,"De 650,01 a 700,00",
2011,"De 700,01 a 750,00",
2011,"De 700,01 a 800,00",551319.17
2011,"De 707,70 a 800,00",
2011,"De 735,90 a 800,00",
2011,"De 750,01 a 800,00",
2011,"De 800,01 a 850,00",
2011,"De 800,01 a 900,00",215044.67
2011,"De 850,01 a 899,99",
2011,"De 850,01 a 900,00",
2011,"De 900,00 a 1000,00",
2011,"De 900,01 a 949,99",
2011,"De 900,01 a 964,99",
2011,"De 900,01 a 1.000,00",217564.83
2011,"De 950,00 a 1.000,00",
2011,"De 965,00 a 1.000,00",
2011,"De 1.000,01 a 1.100,00",210346.75
2011,"De 1.100,01 a 1.200,00",198129.92
2011,"De 1.200,01 a 1.300,00",175717.08
2011,"De 1.300,01 a 1.400,00",145291
2011,"De 1.400,01 a 1.500,00",127372.08
2011,"De 1.500,01 a 1.600,00",122115.5
2011,"De 1.600,01 a 1.700,00",110324
2011,"De 1.700,01 a 1.800,00",89466
2011,"De 1.800,01 a 1.900,00",84367.83
2011,"De 1.900,01 a 2.000,00",70789.5
2011,"De 2.000,01 a 2.100,00",63732.42
2011,"De 2.100,01 a 2.200,00",52727.25
2011,"De 2.200,01 a 2.300,00",48163.75
2011,"De 2.300,01 a 2.400,00",42507.42
2011,"De 2.400,01 a 2.548,10",
2011,"De 2.400,01 a 2.522,87",
2011,"De 2.400,01 a 2.497,89",35981.75
2011,"De 2.400,01 a 2.466,18",
2011,"De 2.400,01 a 2.441,73",
2011,"De 2.300,01 a 2.384,49",
2011,"De 2.200,01 a 2.290,57",
2011,"De 2.100,01 a 2.232,52",
2011,"De 2.400,01 a 2.554,47",
2011,"De 2.400,01 a 2.560,86",
2011,"De 2.100,01 a 2.159,10",
2011,"De 2.400,01 a 2.567,26",
2011,"De 2.400,01 a 2.500,00",
2011,"De 2.548,11 a 2.548,13",
2011,"De 2.522,88 a 2.522,90",
2011,"De 2.497,90 a 2.497,92",111564.5
2011,"De 2.466,19 a 2.466,21",
2011,"De 2.441,74 a 2.441,76",
2011,"De 2.384,50 a 2.384,52",
2011,"De 2.290,58 a 2.290,60",
2011,"De 2.232,53 a 2.232,55",
2011,"De 2.554,48 a 2.554,50",
2011,"De 2.560,87 a 2.560,89",
2011,"De 2.159,11 a 2.159,13",
2011,"De 2.567,27 a 2.567,29",
2011,"De 2.500,01 a 2.573,68",
2011,"De 2.500,01 a 2.580,11",
2011,"De 2.500,01 a 2.600,00",
2011,"Más de 2.548,13 euros",
2011,"Más de 2.522,90 euros",
2011,"Más de 2.497,92 euros",9699.08
2011,"Más de 2.466,21 euros",
2011,"Más de 2.441,76 euros",
2011,"Más de 2.384,52 euros",
2011,"Más de 2.290,60 euros",
2011,"Más de 2.232,55 euros",
2011,"Más de 2.554,50 euros",
2011,"Más de 2.560,89 euros",
2011,"Más de 2.159,13 euros",
2011,"Más de 2.567,29 euros",
2011,"De 2.573,69 a 2.573,71",
2011,"De 2.580,12 a 2.580,14",
2011,"De 2.600,01 a 2.614,94",
2011,"De 2.600,01 a 2.659,39",
2011,"De 2.600,01 a 2.683,32",
2011,"De 2.600,01 a 2.707,47",
2011,"Más de 2.573,71 euros",
2011,"Más de 2.580,14 euros",
2011,"De 2.614,95 a 2.614,97",
2011,"De 2.659,40 a 2.659,42",
2011,"De 2.683,33 a 2.683,35",
2011,"De 2.707,48 a 2.707,50",
2011,"Más de 2.614,97 euros",
2011,"Más de 2.659,42 euros",
2011,"Más de 2.683,35 euros",
2011,"Más de 2.707,50",
2012,Hasta 150 euros,81026.83
2012,"De 150,01 a 250,00",54772.92
2012,"De 250,01 a 300,00",63246.67
2012,"De 300,01 a 350,00",109348.08
2012,"De 350,01 a 400,00",419480.08
2012,"De 400,01 a 450,00",89277.58
2012,"De 450,01 a 500,00",69446.33
2012,"De 500,01 a 550,00",137737.5
2012,"De 500,01 a 540,89",
2012,"De 540,90 a 600,00",
2012,"De 500,01 a 512,99",
2012,"De 513,00 a 600,00",
2012,"De 550,01 a 600,00",892153.67
2012,"De 550,01 a 570,59",
2012,"De 570,60 a 600,00",
2012,"De 600,01 a 700,00",
2012,"De 600,01 a 645,29",
2012,"De 600,01 a 641,39",434448.08
2012,"De 600,01 a 633,29",
2012,"De 600,01 a 623,99",
2012,"De 600,01 a 648,59",
2012,"De 600,01 a 655,19",
2012,"De 600,01 a 650,00",
2012,"De 645,30 a 700,00",
2012,"De 641,40 a 700,00",155427.25
2012,"De 633,30 a 700,00",
2012,"De 624,00 a 700,00",
2012,"De 648,60 a 700,00",
2012,"De 655,20 a 700,00",
2012,"De 650,01 a 707,69",
2012,"De 650,01 a 735,89",
2012,"De 650,01 a 700,00",
2012,"De 700,01 a 750,00",
2012,"De 700,01 a 800,00",574919.42
2012,"De 707,70 a 800,00",
2012,"De 735,90 a 800,00",
2012,"De 750,01 a 800,00",
2012,"De 800,01 a 850,00",
2012,"De 800,01 a 900,00",219162.42
2012,"De 850,01 a 899,99",
2012,"De 850,01 a 900,00",
2012,"De 900,00 a 1000,00",
2012,"De 900,01 a 949,99",
2012,"De 900,01 a 964,99",
2012,"De 900,01 a 1.000,00",219683.5
2012,"De 950,00 a 1.000,00",
2012,"De 965,00 a 1.000,00",
2012,"De 1.000,01 a 1.100,00",215583
2012,"De 1.100,01 a 1.200,00",203415.75
2012,"De 1.200,01 a 1.300,00",182205.42
2012,"De 1.300,01 a 1.400,00",151077
2012,"De 1.400,01 a 1.500,00",132511
2012,"De 1.500,01 a 1.600,00",124933.58
2012,"De 1.600,01 a 1.700,00",116545.75
2012,"De 1.700,01 a 1.800,00",94888.25
2012,"De 1.800,01 a 1.900,00",88979.17
2012,"De 1.900,01 a 2.000,00",77487.75
2012,"De 2.000,01 a 2.100,00",71308.08
2012,"De 2.100,01 a 2.200,00",58837.83
2012,"De 2.200,01 a 2.300,00",52321.92
2012,"De 2.300,01 a 2.400,00",49581.83
2012,"De 2.400,01 a 2.548,10",
2012,"De 2.400,01 a 2.522,87",50907.92
2012,"De 2.400,01 a 2.497,89",
2012,"De 2.400,01 a 2.466,18",
2012,"De 2.400,01 a 2.441,73",
2012,"De 2.300,01 a 2.384,49",
2012,"De 2.200,01 a 2.290,57",
2012,"De 2.100,01 a 2.232,52",
2012,"De 2.400,01 a 2.554,47",
2012,"De 2.400,01 a 2.560,86",
2012,"De 2.100,01 a 2.159,10",
2012,"De 2.400,01 a 2.567,26",
2012,"De 2.400,01 a 2.500,00",
2012,"De 2.548,11 a 2.548,13",
2012,"De 2.522,88 a 2.522,90",127012.75
2012,"De 2.497,90 a 2.497,92",
2012,"De 2.466,19 a 2.466,21",
2012,"De 2.441,74 a 2.441,76",
2012,"De 2.384,50 a 2.384,52",
2012,"De 2.290,58 a 2.290,60",
2012,"De 2.232,53 a 2.232,55",
2012,"De 2.554,48 a 2.554,50",
2012,"De 2.560,87 a 2.560,89",
2012,"De 2.159,11 a 2.159,13",
2012,"De 2.567,27 a 2.567,29",
2012,"De 2.500,01 a 2.573,68",
2012,"De 2.500,01 a 2.580,11",
2012,"De 2.500,01 a 2.600,00",
2012,"Más de 2.548,13 euros",
2012,"Más de 2.522,90 euros",12467.5
2012,"Más de 2.497,92 euros",
2012,"Más de 2.466,21 euros",
2012,"Más de 2.441,76 euros",
2012,"Más de 2.384,52 euros",
2012,"Más de 2.290,60 euros",
2012,"Más de 2.232,55 euros",
2012,"Más de 2.554,50 euros",
2012,"Más de 2.560,89 euros",
2012,"Más de 2.159,13 euros",
2012,"Más de 2.567,29 euros",
2012,"De 2.573,69 a 2.573,71",
2012,"De 2.580,12 a 2.580,14",
2012,"De 2.600,01 a 2.614,94",
2012,"De 2.600,01 a 2.659,39",
2012,"De 2.600,01 a 2.683,32",
2012,"De 2.600,01 a 2.707,47",
2012,"Más de 2.573,71 euros",
2012,"Más de 2.580,14 euros",
2012,"De 2.614,95 a 2.614,97",
2012,"De 2.659,40 a 2.659,42",
2012,"De 2.683,33 a 2.683,35",
2012,"De 2.707,48 a 2.707,50",
2012,"Más de 2.614,97 euros",
2012,"Más de 2.659,42 euros",
2012,"Más de 2.683,35 euros",
2012,"Más de 2.707,50",
2013,Hasta 150 euros,82147.08
2013,"De 150,01 a 250,00",54299.42
2013,"De 250,01 a 300,00",55447.42
2013,"De 300,01 a 350,00",104639.08
2013,"De 350,01 a 400,00",194557.58
2013,"De 400,01 a 450,00",309152.5
2013,"De 450,01 a 500,00",68416.67
2013,"De 500,01 a 550,00",83122.33
2013,"De 500,01 a 540,89",
2013,"De 540,90 a 600,00",
2013,"De 500,01 a 512,99",
2013,"De 513,00 a 600,00",
2013,"De 550,01 a 600,00",892540.58
2013,"De 550,01 a 570,59",
2013,"De 570,60 a 600,00",
2013,"De 600,01 a 700,00",
2013,"De 600,01 a 645,29",464034.58
2013,"De 600,01 a 641,39",
2013,"De 600,01 a 633,29",
2013,"De 600,01 a 623,99",
2013,"De 600,01 a 648,59",
2013,"De 600,01 a 655,19",
2013,"De 600,01 a 650,00",
2013,"De 645,30 a 700,00",145595.92
2013,"De 641,40 a 700,00",
2013,"De 633,30 a 700,00",
2013,"De 624,00 a 700,00",
2013,"De 648,60 a 700,00",
2013,"De 655,20 a 700,00",
2013,"De 650,01 a 707,69",
2013,"De 650,01 a 735,89",
2013,"De 650,01 a 700,00",
2013,"De 700,01 a 750,00",
2013,"De 700,01 a 800,00",589553.92
2013,"De 707,70 a 800,00",
2013,"De 735,90 a 800,00",
2013,"De 750,01 a 800,00",
2013,"De 800,01 a 850,00",
2013,"De 800,01 a 900,00",224612.58
2013,"De 850,01 a 899,99",
2013,"De 850,01 a 900,00",
2013,"De 900,00 a 1000,00",
2013,"De 900,01 a 949,99",
2013,"De 900,01 a 964,99",
2013,"De 900,01 a 1.000,00",222097.83
2013,"De 950,00 a 1.000,00",
2013,"De 965,00 a 1.000,00",
2013,"De 1.000,01 a 1.100,00",243857.33
2013,"De 1.100,01 a 1.200,00",210272.08
2013,"De 1.200,01 a 1.300,00",189301.67
2013,"De 1.300,01 a 1.400,00",159007.58
2013,"De 1.400,01 a 1.500,00",139010.58
2013,"De 1.500,01 a 1.600,00",128226
2013,"De 1.600,01 a 1.700,00",122984.67
2013,"De 1.700,01 a 1.800,00",100336.92
2013,"De 1.800,01 a 1.900,00",92574.08
2013,"De 1.900,01 a 2.000,00",84759.17
2013,"De 2.000,01 a 2.100,00",77426.83
2013,"De 2.100,01 a 2.200,00",65502.92
2013,"De 2.200,01 a 2.300,00",59189.92
2013,"De 2.300,01 a 2.400,00",54869.83
2013,"De 2.400,01 a 2.548,10",70625.75
2013,"De 2.400,01 a 2.522,87",
2013,"De 2.400,01 a 2.497,89",
2013,"De 2.400,01 a 2.466,18",
2013,"De 2.400,01 a 2.441,73",
2013,"De 2.300,01 a 2.384,49",
2013,"De 2.200,01 a 2.290,57",
2013,"De 2.100,01 a 2.232,52",
2013,"De 2.400,01 a 2.554,47",
2013,"De 2.400,01 a 2.560,86",
2013,"De 2.100,01 a 2.159,10",
2013,"De 2.400,01 a 2.567,26",
2013,"De 2.400,01 a 2.500,00",
2013,"De 2.548,11 a 2.548,13",147083.92
2013,"De 2.522,88 a 2.522,90",
2013,"De 2.497,90 a 2.497,92",
2013,"De 2.466,19 a 2.466,21",
2013,"De 2.441,74 a 2.441,76",
2013,"De 2.384,50 a 2.384,52",
2013,"De 2.290,58 a 2.290,60",
2013,"De 2.232,53 a 2.232,55",
2013,"De 2.554,48 a 2.554,50",
2013,"De 2.560,87 a 2.560,89",
2013,"De 2.159,11 a 2.159,13",
2013,"De 2.567,27 a 2.567,29",
2013,"De 2.500,01 a 2.573,68",
2013,"De 2.500,01 a 2.580,11",
2013,"De 2.500,01 a 2.600,00",
2013,"Más de 2.548,13 euros",16217.83
2013,"Más de 2.522,90 euros",
2013,"Más de 2.497,92 euros",
2013,"Más de 2.466,21 euros",
2013,"Más de 2.441,76 euros",
2013,"Más de 2.384,52 euros",
2013,"Más de 2.290,60 euros",
2013,"Más de 2.232,55 euros",
2013,"Más de 2.554,50 euros",
2013,"Más de 2.560,89 euros",
2013,"Más de 2.159,13 euros",
2013,"Más de 2.567,29 euros",
2013,"De 2.573,69 a 2.573,71",
2013,"De 2.580,12 a 2.580,14",
2013,"De 2.600,01 a 2.614,94",
2013,"De 2.600,01 a 2.659,39",
2013,"De 2.600,01 a 2.683,32",
2013,"De 2.600,01 a 2.707,47",
2013,"Más de 2.573,71 euros",
2013,"Más de 2.580,14 euros",
2013,"De 2.614,95 a 2.614,97",
2013,"De 2.659,40 a 2.659,42",
2013,"De 2.683,33 a 2.683,35",
2013,"De 2.707,48 a 2.707,50",
2013,"Más de 2.614,97 euros",
2013,"Más de 2.659,42 euros",
2013,"Más de 2.683,35 euros",
2013,"Más de 2.707,50",
2014,Hasta 150 euros,84565.75
2014,"De 150,01 a 250,00",55325.83
2014,"De 250,01 a 300,00",53480.17
2014,"De 300,01 a 350,00",104973.83
2014,"De 350,01 a 400,00",196347.08
2014,"De 400,01 a 450,00",299593.92
2014,"De 450,01 a 500,00",70155.33
2014,"De 500,01 a 550,00",80668.5
2014,"De 500,01 a 540,89",
2014,"De 540,90 a 600,00",
2014,"De 500,01 a 512,99",
2014,"De 513,00 a 600,00",
2014,"De 550,01 a 600,00",194487.17
2014,"De 550,01 a 570,59",
2014,"De 570,60 a 600,00",
2014,"De 600,01 a 700,00",
2014,"De 600,01 a 645,29",1147911.5
2014,"De 600,01 a 641,39",
2014,"De 600,01 a 633,29",
2014,"De 600,01 a 623,99",
2014,"De 600,01 a 648,59",
2014,"De 600,01 a 655,19",
2014,"De 600,01 a 650,00",
2014,"De 645,30 a 700,00",152551.08
2014,"De 641,40 a 700,00",
2014,"De 633,30 a 700,00",
2014,"De 624,00 a 700,00",
2014,"De 648,60 a 700,00",
2014,"De 655,20 a 700,00",
2014,"De 650,01 a 707,69",
2014,"De 650,01 a 735,89",
2014,"De 650,01 a 700,00",
2014,"De 700,01 a 750,00",
2014,"De 700,01 a 800,00",595502
2014,"De 707,70 a 800,00",
2014,"De 735,90 a 800,00",
2014,"De 750,01 a 800,00",
2014,"De 800,01 a 850,00",
2014,"De 800,01 a 900,00",231066.33
2014,"De 850,01 a 899,99",
2014,"De 850,01 a 900,00",
2014,"De 900,00 a 1000,00",
2014,"De 900,01 a 949,99",
2014,"De 900,01 a 964,99",
2014,"De 900,01 a 1.000,00",229471.42
2014,"De 950,00 a 1.000,00",
2014,"De 965,00 a 1.000,00",
2014,"De 1.000,01 a 1.100,00",248491.5
2014,"De 1.100,01 a 1.200,00",215257.25
2014,"De 1.200,01 a 1.300,00",195180.17
2014,"De 1.300,01 a 1.400,00",164806
2014,"De 1.400,01 a 1.500,00",144061.17
2014,"De 1.500,01 a 1.600,00",132156.83
2014,"De 1.600,01 a 1.700,00",126667.92
2014,"De 1.700,01 a 1.800,00",103736.83
2014,"De 1.800,01 a 1.900,00",95358
2014,"De 1.900,01 a 2.000,00",88605.08
2014,"De 2.000,01 a 2.100,00",81264.92
2014,"De 2.100,01 a 2.200,00",71512.67
2014,"De 2.200,01 a 2.300,00",63756.75
2014,"De 2.300,01 a 2.400,00",59407.5
2014,"De 2.400,01 a 2.548,10",
2014,"De 2.400,01 a 2.522,87",
2014,"De 2.400,01 a 2.497,89",
2014,"De 2.400,01 a 2.466,18",
2014,"De 2.400,01 a 2.441,73",
2014,"De 2.300,01 a 2.384,49",
2014,"De 2.200,01 a 2.290,57",
2014,"De 2.100,01 a 2.232,52",
2014,"De 2.400,01 a 2.554,47",85676.17
2014,"De 2.400,01 a 2.560,86",
2014,"De 2.100,01 a 2.159,10",
2014,"De 2.400,01 a 2.567,26",
2014,"De 2.400,01 a 2.500,00",
2014,"De 2.548,11 a 2.548,13",
2014,"De 2.522,88 a 2.522,90",
2014,"De 2.497,90 a 2.497,92",
2014,"De 2.466,19 a 2.466,21",
2014,"De 2.441,74 a 2.441,76",
2014,"De 2.384,50 a 2.384,52",
2014,"De 2.290,58 a 2.290,60",
2014,"De 2.232,53 a 2.232,55",
2014,"De 2.554,48 a 2.554,50",168301.67
2014,"De 2.560,87 a 2.560,89",
2014,"De 2.159,11 a 2.159,13",
2014,"De 2.567,27 a 2.567,29",
2014,"De 2.500,01 a 2.573,68",
2014,"De 2.500,01 a 2.580,11",
2014,"De 2.500,01 a 2.600,00",
2014,"Más de 2.548,13 euros",
2014,"Más de 2.522,90 euros",
2014,"Más de 2.497,92 euros",
2014,"Más de 2.466,21 euros",
2014,"Más de 2.441,76 euros",
2014,"Más de 2.384,52 euros",
2014,"Más de 2.290,60 euros",
2014,"Más de 2.232,55 euros",
2014,"Más de 2.554,50 euros",18623.25
2014,"Más de 2.560,89 euros",
2014,"Más de 2.159,13 euros",
2014,"Más de 2.567,29 euros",
2014,"De 2.573,69 a 2.573,71",
2014,"De 2.580,12 a 2.580,14",
2014,"De 2.600,01 a 2.614,94",
2014,"De 2.600,01 a 2.659,39",
2014,"De 2.600,01 a 2.683,32",
2014,"De 2.600,01 a 2.707,47",
2014,"Más de 2.573,71 euros",
2014,"Más de 2.580,14 euros",
2014,"De 2.614,95 a 2.614,97",
2014,"De 2.659,40 a 2.659,42",
2014,"De 2.683,33 a 2.683,35",
2014,"De 2.707,48 a 2.707,50",
2014,"Más de 2.614,97 euros",
2014,"Más de 2.659,42 euros",
2014,"Más de 2.683,35 euros",
2014,"Más de 2.707,50",
2015,Hasta 150 euros,86859.33
2015,"De 150,01 a 250,00",56008.58
2015,"De 250,01 a 300,00",51555.42
2015,"De 300,01 a 350,00",103919.33
2015,"De 350,01 a 400,00",197047.33
2015,"De 400,01 a 450,00",288723.25
2015,"De 450,01 a 500,00",70744.42
2015,"De 500,01 a 550,00",78452.33
2015,"De 500,01 a 540,89",
2015,"De 540,90 a 600,00",
2015,"De 500,01 a 512,99",
2015,"De 513,00 a 600,00",
2015,"De 550,01 a 600,00",175735.25
2015,"De 550,01 a 570,59",
2015,"De 570,60 a 600,00",
2015,"De 600,01 a 700,00",
2015,"De 600,01 a 645,29",
2015,"De 600,01 a 641,39",
2015,"De 600,01 a 633,29",
2015,"De 600,01 a 623,99",
2015,"De 600,01 a 648,59",1154227.17
2015,"De 600,01 a 655,19",
2015,"De 600,01 a 650,00",
2015,"De 645,30 a 700,00",
2015,"De 641,40 a 700,00",
2015,"De 633,30 a 700,00",
2015,"De 624,00 a 700,00",
2015,"De 648,60 a 700,00",148523.67
2015,"De 655,20 a 700,00",
2015,"De 650,01 a 707,69",
2015,"De 650,01 a 735,89",
2015,"De 650,01 a 700,00",
2015,"De 700,01 a 750,00",
2015,"De 700,01 a 800,00",596779.33
2015,"De 707,70 a 800,00",
2015,"De 735,90 a 800,00",
2015,"De 750,01 a 800,00",
2015,"De 800,01 a 850,00",
2015,"De 800,01 a 900,00",238457.75
2015,"De 850,01 a 899,99",
2015,"De 850,01 a 900,00",
2015,"De 900,00 a 1000,00",
2015,"De 900,01 a 949,99",
2015,"De 900,01 a 964,99",
2015,"De 900,01 a 1.000,00",234038.08
2015,"De 950,00 a 1.000,00",
2015,"De 965,00 a 1.000,00",
2015,"De 1.000,01 a 1.100,00",251910.58
2015,"De 1.100,01 a 1.200,00",219537
2015,"De 1.200,01 a 1.300,00",199600.25
2015,"De 1.300,01 a 1.400,00",169477.5
2015,"De 1.400,01 a 1.500,00",148712.67
2015,"De 1.500,01 a 1.600,00",135514.08
2015,"De 1.600,01 a 1.700,00",129465.58
2015,"De 1.700,01 a 1.800,00",107360.08
2015,"De 1.800,01 a 1.900,00",98364.58
2015,"De 1.900,01 a 2.000,00",92205.33
2015,"De 2.000,01 a 2.100,00",85151
2015,"De 2.100,01 a 2.200,00",77983.33
2015,"De 2.200,01 a 2.300,00",68380.25
2015,"De 2.300,01 a 2.400,00",63570.58
2015,"De 2.400,01 a 2.548,10",
2015,"De 2.400,01 a 2.522,87",
2015,"De 2.400,01 a 2.497,89",
2015,"De 2.400,01 a 2.466,18",
2015,"De 2.400,01 a 2.441,73",
2015,"De 2.300,01 a 2.384,49",
2015,"De 2.200,01 a 2.290,57",
2015,"De 2.100,01 a 2.232,52",
2015,"De 2.400,01 a 2.554,47",
2015,"De 2.400,01 a 2.560,86",103552.5
2015,"De 2.100,01 a 2.159,10",
2015,"De 2.400,01 a 2.567,26",
2015,"De 2.400,01 a 2.500,00",
2015,"De 2.548,11 a 2.548,13",
2015,"De 2.522,88 a 2.522,90",
2015,"De 2.497,90 a 2.497,92",
2015,"De 2.466,19 a 2.466,21",
2015,"De 2.441,74 a 2.441,76",
2015,"De 2.384,50 a 2.384,52",
2015,"De 2.290,58 a 2.290,60",
2015,"De 2.232,53 a 2.232,55",
2015,"De 2.554,48 a 2.554,50",
2015,"De 2.560,87 a 2.560,89",189595.33
2015,"De 2.159,11 a 2.159,13",
2015,"De 2.567,27 a 2.567,29",
2015,"De 2.500,01 a 2.573,68",
2015,"De 2.500,01 a 2.580,11",
2015,"De 2.500,01 a 2.600,00",
2015,"Más de 2.548,13 euros",
2015,"Más de 2.522,90 euros",
2015,"Más de 2.497,92 euros",
2015,"Más de 2.466,21 euros",
2015,"Más de 2.441,76 euros",
2015,"Más de 2.384,52 euros",
2015,"Más de 2.290,60 euros",
2015,"Más de 2.232,55 euros",
2015,"Más de 2.554,50 euros",
2015,"Más de 2.560,89 euros",20455.67
2015,"Más de 2.159,13 euros",
2015,"Más de 2.567,29 euros",
2015,"De 2.573,69 a 2.573,71",
2015,"De 2.580,12 a 2.580,14",
2015,"De 2.600,01 a 2.614,94",
2015,"De 2.600,01 a 2.659,39",
2015,"De 2.600,01 a 2.683,32",
2015,"De 2.600,01 a 2.707,47",
2015,"Más de 2.573,71 euros",
2015,"Más de 2.580,14 euros",
2015,"De 2.614,95 a 2.614,97",
2015,"De 2.659,40 a 2.659,42",
2015,"De 2.683,33 a 2.683,35",
2015,"De 2.707,48 a 2.707,50",
2015,"Más de 2.614,97 euros",
2015,"Más de 2.659,42 euros",
2015,"Más de 2.683,35 euros",
2015,"Más de 2.707,50",
2016,Hasta 150 euros,88974.83
2016,"De 150,01 a 250,00",56775.08
2016,"De 250,01 a 300,00",49919.92
2016,"De 300,01 a 350,00",102376.67
2016,"De 350,01 a 400,00",196724.75
2016,"De 400,01 a 450,00",277904.5
2016,"De 450,01 a 500,00",71495
2016,"De 500,01 a 550,00",77197.33
2016,"De 500,01 a 540,89",
2016,"De 540,90 a 600,00",
2016,"De 500,01 a 512,99",
2016,"De 513,00 a 600,00",
2016,"De 550,01 a 600,00",159813.08
2016,"De 550,01 a 570,59",
2016,"De 570,60 a 600,00",
2016,"De 600,01 a 700,00",
2016,"De 600,01 a 645,29",
2016,"De 600,01 a 641,39",
2016,"De 600,01 a 633,29",
2016,"De 600,01 a 623,99",
2016,"De 600,01 a 648,59",
2016,"De 600,01 a 655,19",1167727.17
2016,"De 600,01 a 650,00",
2016,"De 645,30 a 700,00",
2016,"De 641,40 a 700,00",
2016,"De 633,30 a 700,00",
2016,"De 624,00 a 700,00",
2016,"De 648,60 a 700,00",
2016,"De 655,20 a 700,00",135035.08
2016,"De 650,01 a 707,69",
2016,"De 650,01 a 735,89",
2016,"De 650,01 a 700,00",
2016,"De 700,01 a 750,00",
2016,"De 700,01 a 800,00",598652.08
2016,"De 707,70 a 800,00",
2016,"De 735,90 a 800,00",
2016,"De 750,01 a 800,00",
2016,"De 800,01 a 850,00",
2016,"De 800,01 a 900,00",247402.08
2016,"De 850,01 a 899,99",
2016,"De 850,01 a 900,00",
2016,"De 900,00 a 1000,00",
2016,"De 900,01 a 949,99",
2016,"De 900,01 a 964,99",
2016,"De 900,01 a 1.000,00",239321.5
2016,"De 950,00 a 1.000,00",
2016,"De 965,00 a 1.000,00",
2016,"De 1.000,01 a 1.100,00",255255.92
2016,"De 1.100,01 a 1.200,00",224231.75
2016,"De 1.200,01 a 1.300,00",204267.67
2016,"De 1.300,01 a 1.400,00",174209.58
2016,"De 1.400,01 a 1.500,00",153495.67
2016,"De 1.500,01 a 1.600,00",138759
2016,"De 1.600,01 a 1.700,00",132613.17
2016,"De 1.700,01 a 1.800,00",111106.08
2016,"De 1.800,01 a 1.900,00",101740.5
2016,"De 1.900,01 a 2.000,00",95799.5
2016,"De 2.000,01 a 2.100,00",88737.17
2016,"De 2.100,01 a 2.200,00",84426.92
2016,"De 2.200,01 a 2.300,00",73685.67
2016,"De 2.300,01 a 2.400,00",67452
2016,"De 2.400,01 a 2.548,10",
2016,"De 2.400,01 a 2.522,87",
2016,"De 2.400,01 a 2.497,89",
2016,"De 2.400,01 a 2.466,18",
2016,"De 2.400,01 a 2.441,73",
2016,"De 2.300,01 a 2.384,49",
2016,"De 2.200,01 a 2.290,57",
2016,"De 2.100,01 a 2.232,52",
2016,"De 2.400,01 a 2.554,47",
2016,"De 2.400,01 a 2.560,86",
2016,"De 2.100,01 a 2.159,10",
2016,"De 2.400,01 a 2.567,26",123474.42
2016,"De 2.400,01 a 2.500,00",
2016,"De 2.548,11 a 2.548,13",
2016,"De 2.522,88 a 2.522,90",
2016,"De 2.497,90 a 2.497,92",
2016,"De 2.466,19 a 2.466,21",
2016,"De 2.441,74 a 2.441,76",
2016,"De 2.384,50 a 2.384,52",
2016,"De 2.290,58 a 2.290,60",
2016,"De 2.232,53 a 2.232,55",
2016,"De 2.554,48 a 2.554,50",
2016,"De 2.560,87 a 2.560,89",
2016,"De 2.159,11 a 2.159,13",
2016,"De 2.567,27 a 2.567,29",209483.83
2016,"De 2.500,01 a 2.573,68",
2016,"De 2.500,01 a 2.580,11",
2016,"De 2.500,01 a 2.600,00",
2016,"Más de 2.548,13 euros",
2016,"Más de 2.522,90 euros",
2016,"Más de 2.497,92 euros",
2016,"Más de 2.466,21 euros",
2016,"Más de 2.441,76 euros",
2016,"Más de 2.384,52 euros",
2016,"Más de 2.290,60 euros",
2016,"Más de 2.232,55 euros",
2016,"Más de 2.554,50 euros",
2016,"Más de 2.560,89 euros",
2016,"Más de 2.159,13 euros",
2016,"Más de 2.567,29 euros",23893.75
2016,"De 2.573,69 a 2.573,71",
2016,"De 2.580,12 a 2.580,14",
2016,"De 2.600,01 a 2.614,94",
2016,"De 2.600,01 a 2.659,39",
2016,"De 2.600,01 a 2.683,32",
2016,"De 2.600,01 a 2.707,47",
2016,"Más de 2.573,71 euros",
2016,"Más de 2.580,14 euros",
2016,"De 2.614,95 a 2.614,97",
2016,"De 2.659,40 a 2.659,42",
2016,"De 2.683,33 a 2.683,35",
2016,"De 2.707,48 a 2.707,50",
2016,"Más de 2.614,97 euros",
2016,"Más de 2.659,42 euros",
2016,"Más de 2.683,35 euros",
2016,"Más de 2.707,50",
2017,Hasta 150 euros,90518.5
2017,"De 150,01 a 250,00",57560.25
2017,"De 250,01 a 300,00",48917.33
2017,"De 300,01 a 350,00",100658.83
2017,"De 350,01 a 400,00",195817.17
2017,"De 400,01 a 450,00",266696.08
2017,"De 450,01 a 500,00",72841.42
2017,"De 500,01 a 550,00",75547.58
2017,"De 500,01 a 540,89",
2017,"De 540,90 a 600,00",
2017,"De 500,01 a 512,99",
2017,"De 513,00 a 600,00",
2017,"De 550,01 a 600,00",148581.83
2017,"De 550,01 a 570,59",
2017,"De 570,60 a 600,00",
2017,"De 600,01 a 700,00",
2017,"De 600,01 a 645,29",
2017,"De 600,01 a 641,39",
2017,"De 600,01 a 633,29",
2017,"De 600,01 a 623,99",
2017,"De 600,01 a 648,59",
2017,"De 600,01 a 655,19",
2017,"De 600,01 a 650,00",1133779.75
2017,"De 645,30 a 700,00",
2017,"De 641,40 a 700,00",
2017,"De 633,30 a 700,00",
2017,"De 624,00 a 700,00",
2017,"De 648,60 a 700,00",
2017,"De 655,20 a 700,00",
2017,"De 650,01 a 707,69",190589.75
2017,"De 650,01 a 735,89",
2017,"De 650,01 a 700,00",
2017,"De 700,01 a 750,00",
2017,"De 700,01 a 800,00",
2017,"De 707,70 a 800,00",575362.58
2017,"De 735,90 a 800,00",
2017,"De 750,01 a 800,00",
2017,"De 800,01 a 850,00",
2017,"De 800,01 a 900,00",258569.25
2017,"De 850,01 a 899,99",
2017,"De 850,01 a 900,00",
2017,"De 900,00 a 1000,00",
2017,"De 900,01 a 949,99",
2017,"De 900,01 a 964,99",
2017,"De 900,01 a 1.000,00",244745.83
2017,"De 950,00 a 1.000,00",
2017,"De 965,00 a 1.000,00",
2017,"De 1.000,01 a 1.100,00",258739.5
2017,"De 1.100,01 a 1.200,00",229316.08
2017,"De 1.200,01 a 1.300,00",209199
2017,"De 1.300,01 a 1.400,00",179482.08
2017,"De 1.400,01 a 1.500,00",158005.08
2017,"De 1.500,01 a 1.600,00",142255.58
2017,"De 1.600,01 a 1.700,00",136255.75
2017,"De 1.700,01 a 1.800,00",115110.83
2017,"De 1.800,01 a 1.900,00",105143.33
2017,"De 1.900,01 a 2.000,00",99522.83
2017,"De 2.000,01 a 2.100,00",92369.42
2017,"De 2.100,01 a 2.200,00",90091.33
2017,"De 2.200,01 a 2.300,00",79029.25
2017,"De 2.300,01 a 2.400,00",71286.33
2017,"De 2.400,01 a 2.548,10",
2017,"De 2.400,01 a 2.522,87",
2017,"De 2.400,01 a 2.497,89",
2017,"De 2.400,01 a 2.466,18",
2017,"De 2.400,01 a 2.441,73",
2017,"De 2.300,01 a 2.384,49",
2017,"De 2.200,01 a 2.290,57",
2017,"De 2.100,01 a 2.232,52",
2017,"De 2.400,01 a 2.554,47",
2017,"De 2.400,01 a 2.560,86",
2017,"De 2.100,01 a 2.159,10",
2017,"De 2.400,01 a 2.567,26",
2017,"De 2.400,01 a 2.500,00",85586
2017,"De 2.548,11 a 2.548,13",
2017,"De 2.522,88 a 2.522,90",
2017,"De 2.497,90 a 2.497,92",
2017,"De 2.466,19 a 2.466,21",
2017,"De 2.441,74 a 2.441,76",
2017,"De 2.384,50 a 2.384,52",
2017,"De 2.290,58 a 2.290,60",
2017,"De 2.232,53 a 2.232,55",
2017,"De 2.554,48 a 2.554,50",
2017,"De 2.560,87 a 2.560,89",
2017,"De 2.159,11 a 2.159,13",
2017,"De 2.567,27 a 2.567,29",
2017,"De 2.500,01 a 2.573,68",58631.33
2017,"De 2.500,01 a 2.580,11",
2017,"De 2.500,01 a 2.600,00",
2017,"Más de 2.548,13 euros",
2017,"Más de 2.522,90 euros",
2017,"Más de 2.497,92 euros",
2017,"Más de 2.466,21 euros",
2017,"Más de 2.441,76 euros",
2017,"Más de 2.384,52 euros",
2017,"Más de 2.290,60 euros",
2017,"Más de 2.232,55 euros",
2017,"Más de 2.554,50 euros",
2017,"Más de 2.560,89 euros",
2017,"Más de 2.159,13 euros",
2017,"Más de 2.567,29 euros",
2017,"De 2.573,69 a 2.573,71",226542.75
2017,"De 2.580,12 a 2.580,14",
2017,"De 2.600,01 a 2.614,94",
2017,"De 2.600,01 a 2.659,39",
2017,"De 2.600,01 a 2.683,32",
2017,"De 2.600,01 a 2.707,47",
2017,"Más de 2.573,71 euros",29369.83
2017,"Más de 2.580,14 euros",
2017,"De 2.614,95 a 2.614,97",
2017,"De 2.659,40 a 2.659,42",
2017,"De 2.683,33 a 2.683,35",
2017,"De 2.707,48 a 2.707,50",
2017,"Más de 2.614,97 euros",
2017,"Más de 2.659,42 euros",
2017,"Más de 2.683,35 euros",
2017,"Más de 2.707,50",
2018,Hasta 150 euros,90756.75
2018,"De 150,01 a 250,00",57216.42
2018,"De 250,01 a 300,00",46945.5
2018,"De 300,01 a 350,00",93437.17
2018,"De 350,01 a 400,00",155166.75
2018,"De 400,01 a 450,00",296636.42
2018,"De 450,01 a 500,00",74915.33
2018,"De 500,01 a 550,00",73879.33
2018,"De 500,01 a 540,89",
2018,"De 540,90 a 600,00",
2018,"De 500,01 a 512,99",
2018,"De 513,00 a 600,00",
2018,"De 550,01 a 600,00",134385.58
2018,"De 550,01 a 570,59",
2018,"De 570,60 a 600,00",
2018,"De 600,01 a 700,00",
2018,"De 600,01 a 645,29",
2018,"De 600,01 a 641,39",
2018,"De 600,01 a 633,29",
2018,"De 600,01 a 623,99",
2018,"De 600,01 a 648,59",
2018,"De 600,01 a 655,19",
2018,"De 600,01 a 650,00",981118.08
2018,"De 645,30 a 700,00",
2018,"De 641,40 a 700,00",
2018,"De 633,30 a 700,00",
2018,"De 624,00 a 700,00",
2018,"De 648,60 a 700,00",
2018,"De 655,20 a 700,00",
2018,"De 650,01 a 707,69",
2018,"De 650,01 a 735,89",431652.25
2018,"De 650,01 a 700,00",
2018,"De 700,01 a 750,00",
2018,"De 700,01 a 800,00",
2018,"De 707,70 a 800,00",
2018,"De 735,90 a 800,00",381888.08
2018,"De 750,01 a 800,00",
2018,"De 800,01 a 850,00",
2018,"De 800,01 a 900,00",374349.33
2018,"De 850,01 a 899,99",
2018,"De 850,01 a 900,00",
2018,"De 900,00 a 1000,00",
2018,"De 900,01 a 949,99",
2018,"De 900,01 a 964,99",
2018,"De 900,01 a 1.000,00",250008.17
2018,"De 950,00 a 1.000,00",
2018,"De 965,00 a 1.000,00",
2018,"De 1.000,01 a 1.100,00",262227.42
2018,"De 1.100,01 a 1.200,00",234183.25
2018,"De 1.200,01 a 1.300,00",215264.17
2018,"De 1.300,01 a 1.400,00",186787.92
2018,"De 1.400,01 a 1.500,00",163674.42
2018,"De 1.500,01 a 1.600,00",146522.58
2018,"De 1.600,01 a 1.700,00",140384.25
2018,"De 1.700,01 a 1.800,00",120507.5
2018,"De 1.800,01 a 1.900,00",108328.17
2018,"De 1.900,01 a 2.000,00",103984.33
2018,"De 2.000,01 a 2.100,00",96246.08
2018,"De 2.100,01 a 2.200,00",95398.83
2018,"De 2.200,01 a 2.300,00",85775
2018,"De 2.300,01 a 2.400,00",75059.75
2018,"De 2.400,01 a 2.548,10",
2018,"De 2.400,01 a 2.522,87",
2018,"De 2.400,01 a 2.497,89",
2018,"De 2.400,01 a 2.466,18",
2018,"De 2.400,01 a 2.441,73",
2018,"De 2.300,01 a 2.384,49",
2018,"De 2.200,01 a 2.290,57",
2018,"De 2.100,01 a 2.232,52",
2018,"De 2.400,01 a 2.554,47",
2018,"De 2.400,01 a 2.560,86",
2018,"De 2.100,01 a 2.159,10",
2018,"De 2.400,01 a 2.567,26",
2018,"De 2.400,01 a 2.500,00",87832.42
2018,"De 2.548,11 a 2.548,13",
2018,"De 2.522,88 a 2.522,90",
2018,"De 2.497,90 a 2.497,92",
2018,"De 2.466,19 a 2.466,21",
2018,"De 2.441,74 a 2.441,76",
2018,"De 2.384,50 a 2.384,52",
2018,"De 2.290,58 a 2.290,60",
2018,"De 2.232,53 a 2.232,55",
2018,"De 2.554,48 a 2.554,50",
2018,"De 2.560,87 a 2.560,89",
2018,"De 2.159,11 a 2.159,13",
2018,"De 2.567,27 a 2.567,29",
2018,"De 2.500,01 a 2.573,68",
2018,"De 2.500,01 a 2.580,11",41457.25
2018,"De 2.500,01 a 2.600,00",41404.75
2018,"Más de 2.548,13 euros",
2018,"Más de 2.522,90 euros",
2018,"Más de 2.497,92 euros",
2018,"Más de 2.466,21 euros",
2018,"Más de 2.441,76 euros",
2018,"Más de 2.384,52 euros",
2018,"Más de 2.290,60 euros",
2018,"Más de 2.232,55 euros",
2018,"Más de 2.554,50 euros",
2018,"Más de 2.560,89 euros",
2018,"Más de 2.159,13 euros",
2018,"Más de 2.567,29 euros",
2018,"De 2.573,69 a 2.573,71",
2018,"De 2.580,12 a 2.580,14",139521.42
2018,"De 2.600,01 a 2.614,94",5296.67
2018,"De 2.600,01 a 2.659,39",
2018,"De 2.600,01 a 2.683,32",
2018,"De 2.600,01 a 2.707,47",
2018,"Más de 2.573,71 euros",
2018,"Más de 2.580,14 euros",19765
2018,"De 2.614,95 a 2.614,97",102220.17
2018,"De 2.659,40 a 2.659,42",
2018,"De 2.683,33 a 2.683,35",
2018,"De 2.707,48 a 2.707,50",
2018,"Más de 2.614,97 euros",15274.42
2018,"Más de 2.659,42 euros",
2018,"Más de 2.683,35 euros",
2018,"Más de 2.707,50",
2019,Hasta 150 euros,88929.17
2019,"De 150,01 a 250,00",54358.5
2019,"De 250,01 a 300,00",41251
2019,"De 300,01 a 350,00",74331
2019,"De 350,01 a 400,00",104768.58
2019,"De 400,01 a 450,00",336700.08
2019,"De 450,01 a 500,00",83445.42
2019,"De 500,01 a 550,00",71631.75
2019,"De 500,01 a 540,89",
2019,"De 540,90 a 600,00",
2019,"De 500,01 a 512,99",
2019,"De 513,00 a 600,00",
2019,"De 550,01 a 600,00",104902.67
2019,"De 550,01 a 570,59",
2019,"De 570,60 a 600,00",
2019,"De 600,01 a 700,00",
2019,"De 600,01 a 645,29",
2019,"De 600,01 a 641,39",
2019,"De 600,01 a 633,29",
2019,"De 600,01 a 623,99",
2019,"De 600,01 a 648,59",
2019,"De 600,01 a 655,19",
2019,"De 600,01 a 650,00",748011.67
2019,"De 645,30 a 700,00",
2019,"De 641,40 a 700,00",
2019,"De 633,30 a 700,00",
2019,"De 624,00 a 700,00",
2019,"De 648,60 a 700,00",
2019,"De 655,20 a 700,00",
2019,"De 650,01 a 707,69",
2019,"De 650,01 a 735,89",
2019,"De 650,01 a 700,00",521699.58
2019,"De 700,01 a 750,00",181894.58
2019,"De 700,01 a 800,00",
2019,"De 707,70 a 800,00",
2019,"De 735,90 a 800,00",
2019,"De 750,01 a 800,00",183381.92
2019,"De 800,01 a 850,00",409229.92
2019,"De 800,01 a 900,00",
2019,"De 850,01 a 899,99",132436
2019,"De 850,01 a 900,00",
2019,"De 900,00 a 1000,00",252027.75
2019,"De 900,01 a 949,99",
2019,"De 900,01 a 964,99",
2019,"De 900,01 a 1.000,00",
2019,"De 950,00 a 1.000,00",
2019,"De 965,00 a 1.000,00",
2019,"De 1.000,01 a 1.100,00",263707.42
2019,"De 1.100,01 a 1.200,00",235743.58
2019,"De 1.200,01 a 1.300,00",223054.67
2019,"De 1.300,01 a 1.400,00",196875.42
2019,"De 1.400,01 a 1.500,00",171862
2019,"De 1.500,01 a 1.600,00",151902
2019,"De 1.600,01 a 1.700,00",142772.67
2019,"De 1.700,01 a 1.800,00",130620.58
2019,"De 1.800,01 a 1.900,00",112908.25
2019,"De 1.900,01 a 2.000,00",108247.92
2019,"De 2.000,01 a 2.100,00",100210.58
2019,"De 2.100,01 a 2.200,00",99405.17
2019,"De 2.200,01 a 2.300,00",95669.08
2019,"De 2.300,01 a 2.400,00",80366.42
2019,"De 2.400,01 a 2.548,10",
2019,"De 2.400,01 a 2.522,87",
2019,"De 2.400,01 a 2.497,89",
2019,"De 2.400,01 a 2.466,18",
2019,"De 2.400,01 a 2.441,73",
2019,"De 2.300,01 a 2.384,49",
2019,"De 2.200,01 a 2.290,57",
2019,"De 2.100,01 a 2.232,52",
2019,"De 2.400,01 a 2.554,47",
2019,"De 2.400,01 a 2.560,86",
2019,"De 2.100,01 a 2.159,10",
2019,"De 2.400,01 a 2.567,26",
2019,"De 2.400,01 a 2.500,00",80833.17
2019,"De 2.548,11 a 2.548,13",
2019,"De 2.522,88 a 2.522,90",
2019,"De 2.497,90 a 2.497,92",
2019,"De 2.466,19 a 2.466,21",
2019,"De 2.441,74 a 2.441,76",
2019,"De 2.384,50 a 2.384,52",
2019,"De 2.290,58 a 2.290,60",
2019,"De 2.232,53 a 2.232,55",
2019,"De 2.554,48 a 2.554,50",
2019,"De 2.560,87 a 2.560,89",
2019,"De 2.159,11 a 2.159,13",
2019,"De 2.567,27 a 2.567,29",
2019,"De 2.500,01 a 2.573,68",
2019,"De 2.500,01 a 2.580,11",
2019,"De 2.500,01 a 2.600,00",104914.08
2019,"Más de 2.548,13 euros",
2019,"Más de 2.522,90 euros",
2019,"Más de 2.497,92 euros",
2019,"Más de 2.466,21 euros",
2019,"Más de 2.441,76 euros",
2019,"Más de 2.384,52 euros",
2019,"Más de 2.290,60 euros",
2019,"Más de 2.232,55 euros",
2019,"Más de 2.554,50 euros",
2019,"Más de 2.560,89 euros",
2019,"Más de 2.159,13 euros",
2019,"Más de 2.567,29 euros",
2019,"De 2.573,69 a 2.573,71",
2019,"De 2.580,12 a 2.580,14",
2019,"De 2.600,01 a 2.614,94",
2019,"De 2.600,01 a 2.659,39",54141.17
2019,"De 2.600,01 a 2.683,32",
2019,"De 2.600,01 a 2.707,47",
2019,"Más de 2.573,71 euros",
2019,"Más de 2.580,14 euros",
2019,"De 2.614,95 a 2.614,97",
2019,"De 2.659,40 a 2.659,42",255286.67
2019,"De 2.683,33 a 2.683,35",
2019,"De 2.707,48 a 2.707,50",
2019,"Más de 2.614,97 euros",
2019,"Más de 2.659,42 euros",40805.08
2019,"Más de 2.683,35 euros",
2019,"Más de 2.707,50",
2020,Hasta 150 euros,88978.5
2020,"De 150,01 a 250,00",53957.67
2020,"De 250,01 a 300,00",39737.42
2020,"De 300,01 a 350,00",69835.75
2020,"De 350,01 a 400,00",102853.25
2020,"De 400,01 a 450,00",317636
2020,"De 450,01 a 500,00",88386.17
2020,"De 500,01 a 550,00",71353.83
2020,"De 500,01 a 540,89",
2020,"De 540,90 a 600,00",
2020,"De 500,01 a 512,99",
2020,"De 513,00 a 600,00",
2020,"De 550,01 a 600,00",93326.92
2020,"De 550,01 a 570,59",
2020,"De 570,60 a 600,00",
2020,"De 600,01 a 700,00",
2020,"De 600,01 a 645,29",
2020,"De 600,01 a 641,39",
2020,"De 600,01 a 633,29",
2020,"De 600,01 a 623,99",
2020,"De 600,01 a 648,59",
2020,"De 600,01 a 655,19",
2020,"De 600,01 a 650,00",719040.5
2020,"De 645,30 a 700,00",
2020,"De 641,40 a 700,00",
2020,"De 633,30 a 700,00",
2020,"De 624,00 a 700,00",
2020,"De 648,60 a 700,00",
2020,"De 655,20 a 700,00",
2020,"De 650,01 a 707,69",
2020,"De 650,01 a 735,89",
2020,"De 650,01 a 700,00",523082.25
2020,"De 700,01 a 750,00",195290.08
2020,"De 700,01 a 800,00",
2020,"De 707,70 a 800,00",
2020,"De 735,90 a 800,00",
2020,"De 750,01 a 800,00",177236.42
2020,"De 800,01 a 850,00",416774.58
2020,"De 800,01 a 900,00",
2020,"De 850,01 a 899,99",11248.17
2020,"De 850,01 a 900,00",126937.25
2020,"De 900,00 a 1000,00",21318.67
2020,"De 900,01 a 949,99",118318.67
2020,"De 900,01 a 964,99",
2020,"De 900,01 a 1.000,00",
2020,"De 950,00 a 1.000,00",116697.08
2020,"De 965,00 a 1.000,00",
2020,"De 1.000,01 a 1.100,00",264496.75
2020,"De 1.100,01 a 1.200,00",237870.25
2020,"De 1.200,01 a 1.300,00",225806
2020,"De 1.300,01 a 1.400,00",202785.83
2020,"De 1.400,01 a 1.500,00",175566.58
2020,"De 1.500,01 a 1.600,00",155337.08
2020,"De 1.600,01 a 1.700,00",144903.33
2020,"De 1.700,01 a 1.800,00",134031.33
2020,"De 1.800,01 a 1.900,00",116028.92
2020,"De 1.900,01 a 2.000,00",110094.92
2020,"De 2.000,01 a 2.100,00",103808.42
2020,"De 2.100,01 a 2.200,00",100430.42
2020,"De 2.200,01 a 2.300,00",98428.42
2020,"De 2.300,01 a 2.400,00",86593.92
2020,"De 2.400,01 a 2.548,10",
2020,"De 2.400,01 a 2.522,87",
2020,"De 2.400,01 a 2.497,89",
2020,"De 2.400,01 a 2.466,18",
2020,"De 2.400,01 a 2.441,73",
2020,"De 2.300,01 a 2.384,49",
2020,"De 2.200,01 a 2.290,57",
2020,"De 2.100,01 a 2.232,52",
2020,"De 2.400,01 a 2.554,47",
2020,"De 2.400,01 a 2.560,86",
2020,"De 2.100,01 a 2.159,10",
2020,"De 2.400,01 a 2.567,26",
2020,"De 2.400,01 a 2.500,00",82946.33
2020,"De 2.548,11 a 2.548,13",
2020,"De 2.522,88 a 2.522,90",
2020,"De 2.497,90 a 2.497,92",
2020,"De 2.466,19 a 2.466,21",
2020,"De 2.441,74 a 2.441,76",
2020,"De 2.384,50 a 2.384,52",
2020,"De 2.290,58 a 2.290,60",
2020,"De 2.232,53 a 2.232,55",
2020,"De 2.554,48 a 2.554,50",
2020,"De 2.560,87 a 2.560,89",
2020,"De 2.159,11 a 2.159,13",
2020,"De 2.567,27 a 2.567,29",
2020,"De 2.500,01 a 2.573,68",
2020,"De 2.500,01 a 2.580,11",
2020,"De 2.500,01 a 2.600,00",107160.25
2020,"Más de 2.548,13 euros",
2020,"Más de 2.522,90 euros",
2020,"Más de 2.497,92 euros",
2020,"Más de 2.466,21 euros",
2020,"Más de 2.441,76 euros",
2020,"Más de 2.384,52 euros",
2020,"Más de 2.290,60 euros",
2020,"Más de 2.232,55 euros",
2020,"Más de 2.554,50 euros",
2020,"Más de 2.560,89 euros",
2020,"Más de 2.159,13 euros",
2020,"Más de 2.567,29 euros",
2020,"De 2.573,69 a 2.573,71",
2020,"De 2.580,12 a 2.580,14",
2020,"De 2.600,01 a 2.614,94",
2020,"De 2.600,01 a 2.659,39",4712.83
2020,"De 2.600,01 a 2.683,32",76709.5
2020,"De 2.600,01 a 2.707,47",
2020,"Más de 2.573,71 euros",
2020,"Más de 2.580,14 euros",
2020,"De 2.614,95 a 2.614,97",
2020,"De 2.659,40 a 2.659,42",21874.5
2020,"De 2.683,33 a 2.683,35",246120.33
2020,"De 2.707,48 a 2.707,50",
2020,"Más de 2.614,97 euros",
2020,"Más de 2.659,42 euros",3669.08
2020,"Más de 2.683,35 euros",43062.58
2020,"Más de 2.707,50",
